# ID	Amino_acids	Codons
NC_000010.11:g.60208220G>A	P/L	cCa/cTa
NC_000021.9:g.46003595C>T	S/L	tCg/tTg
NC_000011.10:g.126021374C>T	V/I	Gtt/Att
NC_000003.12:g.14139250C>T	A/V	gCc/gTc
NC_000023.11:g.154187939C>A	N/K	aaC/aaA
NC_000006.12:g.129314655G>A	V/M	Gtg/Atg
NC_000011.10:g.2570727T>C	F/L	Ttt/Ctt
NC_000023.11:g.71377696C>G	L/V	Ctg/Gtg
NC_000019.10:g.41422309C>G	C/W	tgC/tgG
NC_000002.12:g.37232165C>G	P/A	Ccg/Gcg
NC_000015.10:g.41396534C>T	E/K	Gag/Aag
NC_000006.12:g.160707713C>T	H/Y	Cac/Tac
NC_000002.12:g.70935956T>C	M/T	aTg/aCg
NC_000008.11:g.3142485C>T	G/E	gGa/gAa
NC_000017.11:g.42787485G>A	E/K	Gag/Aag
NC_000003.12:g.30650316C>T	P/S	Ccc/Tcc
NC_000009.12:g.108916228C>T	E/K	Gaa/Aaa
NC_000019.10:g.10786672G>A	D/N	Gac/Aac
NC_000007.14:g.142094801C>T	R/C	Cgc/Tgc
NC_000001.11:g.248100004T>A	F/Y	tTc/tAc
NC_000006.12:g.32847198T>C	D/G	gAc/gGc
NC_000018.10:g.45063547C>A	T/N	aCc/aAc
NC_000002.12:g.218812250C>T	P/L	cCa/cTa
NC_000011.10:g.1621648G>A	S/L	tCa/tTa
NC_000007.14:g.44188923C>T	A/T	Gcc/Acc
NC_000001.11:g.202123034G>A	G/E	gGg/gAg
NC_000005.10:g.174046877C>T	P/L	cCa/cTa
NC_000017.11:g.47945943T>C	I/T	aTt/aCt
NC_000002.12:g.84634571G>A	R/Q	cGa/cAa
NC_000022.11:g.30615623G>C	R/P	cGt/cCt
NC_000018.10:g.55228988G>A	R/W	Cgg/Tgg
NC_000007.14:g.100641038G>A	A/V	gCg/gTg
NC_000013.11:g.32337279T>G	I/S	aTc/aGc
NC_000023.11:g.154837686G>A	R/C	Cgc/Tgc
NC_000001.11:g.94098927C>T	R/H	cGc/cAc
NC_000013.11:g.32356521T>C	L/P	cTg/cCg
NC_000013.11:g.20222886A>T	S/T	Tct/Act
NC_000010.11:g.92613045C>G	S/C	tCc/tGc
NC_000009.12:g.34648859G>C	R/P	cGg/cCg
NC_000019.10:g.3771588G>A	P/L	cCg/cTg
NC_000010.11:g.14934728G>C	P/R	cCa/cGa
NC_000007.14:g.150947004T>C	Q/R	cAg/cGg
NC_000011.10:g.71435749G>A	R/W	Cgg/Tgg
NC_000011.10:g.49982045G>A	H/Y	Cat/Tat
NC_000002.12:g.223959767C>T	T/I	aCa/aTa
NC_000011.10:g.61955780G>C	D/H	Gac/Cac
NC_000005.10:g.148095823A>G	Q/R	cAg/cGg
NC_000023.11:g.108582921G>A	G/E	gGa/gAa
NC_000001.11:g.237456642G>A	V/I	Gtc/Atc
NC_000004.12:g.6291218G>A	R/Q	cGg/cAg
NC_000011.10:g.64757862C>A	A/S	Gcc/Tcc
NC_000006.12:g.75914821G>A	D/N	Gac/Aac
NC_000011.10:g.17533258T>C	H/R	cAc/cGc
NC_000023.11:g.129569369C>G	H/Q	caC/caG
NC_000019.10:g.38386100C>T	G/S	Ggc/Agc
NC_000003.12:g.46357717G>A	V/I	Gtc/Atc
NC_000023.11:g.35802494G>A	E/K	Gag/Aag
NC_000006.12:g.63788162T>A	S/C	Agt/Tgt
NC_000023.11:g.19588683T>C	R/G	Aga/Gga
NC_000011.10:g.77201591A>T	S/C	Agt/Tgt
NC_000021.9:g.45992791G>A	R/Q	cGg/cAg
NC_000023.11:g.41473977C>G	P/R	cCg/cGg
NC_000006.12:g.158192003T>C	L/P	cTg/cCg
NC_000018.10:g.31524877A>G	T/A	Acc/Gcc
NC_000021.9:g.46334635G>A	R/H	cGt/cAt
NC_000020.11:g.57562111G>A	E/K	Gaa/Aaa
NC_000004.12:g.73419613G>A	D/N	Gat/Aat
NC_000011.10:g.6394204G>T	R/L	cGt/cTt
NC_000019.10:g.7170561T>C	K/E	Aag/Gag
NC_000023.11:g.56565362C>T	P/S	Ccc/Tcc
NC_000003.12:g.52222131C>T	E/K	Gag/Aag
NC_000003.12:g.38726809T>C	I/V	Att/Gtt
NC_000020.11:g.46725352G>T	A/S	Gct/Tct
NC_000023.11:g.71223879C>T	P/S	Cct/Tct
NC_000018.10:g.3457606C>T	S/F	tCc/tTc
NC_000003.12:g.58078783A>C	Q/P	cAg/cCg
NC_000023.11:g.32217032G>A	R/C	Cgt/Tgt
NC_000016.10:g.3249705C>T	R/H	cGt/cAt
NC_000022.11:g.33277139C>T	R/H	cGt/cAt
NC_000023.11:g.46500690C>T	R/Q	cGa/cAa
NC_000023.11:g.154993044G>A	P/S	Cca/Tca
NC_000007.14:g.150958407C>T	A/T	Gcc/Acc
NC_000017.11:g.41756202T>C	I/V	Att/Gtt
NC_000018.10:g.9117901G>A	V/M	Gtg/Atg
NC_000023.11:g.38401404C>G	I/M	atC/atG
NC_000007.14:g.65974686C>T	D/N	Gac/Aac
NC_000006.12:g.107459275C>G	R/P	cGg/cCg
NC_000015.10:g.89601553A>C	E/A	gAg/gCg
NC_000001.11:g.11016874C>T	A/V	gCt/gTt
NC_000022.11:g.29489027G>A	E/K	Gag/Aag
NC_000019.10:g.41414125C>T	T/M	aCg/aTg
NC_000015.10:g.45144212A>G	K/E	Aag/Gag
NC_000012.12:g.131915912C>G	S/C	tCt/tGt
NC_000010.11:g.114473099C>T	D/N	Gat/Aat
NC_000017.11:g.75523332C>T	P/S	Ccc/Tcc
NC_000023.11:g.53409120C>T	R/H	cGc/cAc
NC_000003.12:g.38566498C>T	V/M	Gtg/Atg
NC_000023.11:g.38403640G>T	G/V	gGt/gTt
NC_000007.14:g.150958206T>G	N/H	Aac/Cac
NC_000006.12:g.75914186A>G	K/R	aAg/aGg
NC_000003.12:g.38551208T>C	N/D	Aac/Gac
NC_000007.14:g.150947671G>A	P/L	cCg/cTg
NC_000003.12:g.158690243G>A	V/I	Gta/Ata
NC_000005.10:g.147831542C>G	L/F	ttG/ttC
NC_000011.10:g.6618820G>A	S/L	tCg/tTg
NC_000012.12:g.57764487G>A	L/F	Ctc/Ttc
NC_000011.10:g.639830T>G	V/G	gTc/gGc
NC_000021.9:g.34449520C>T	D/N	Gac/Aac
NC_000023.11:g.43949839C>A	R/L	cGg/cTg
NC_000001.11:g.184795563G>A	T/M	aCg/aTg
NC_000011.10:g.47332645A>C	F/C	tTc/tGc
NC_000010.11:g.30349161C>A	D/Y	Gac/Tac
NC_000009.12:g.114406753A>G	M/T	aTg/aCg
NC_000023.11:g.154030623G>A	P/L	cCc/cTc
NC_000007.14:g.148147545T>C	V/A	gTa/gCa
NC_000013.11:g.50945445G>A	A/T	Gca/Aca
NC_000017.11:g.73196592C>T	S/L	tCg/tTg
NC_000007.14:g.151186411G>A	R/W	Cgg/Tgg
NC_000002.12:g.202555989G>A	S/N	aGc/aAc
NC_000007.14:g.107702038G>A	G/E	gGa/gAa
NC_000001.11:g.215817137C>T	D/N	Gat/Aat
NC_000010.11:g.12769686T>C	L/S	tTg/tCg
NC_000021.9:g.46411952G>A	R/Q	cGg/cAg
NC_000013.11:g.32363237G>T	D/Y	Gat/Tat
NC_000001.11:g.75732652G>A	E/K	Gaa/Aaa
NC_000012.12:g.48004297T>A	T/S	Acg/Tcg
NC_000016.10:g.46697521A>C	Y/S	tAt/tCt
NC_000007.14:g.117590355C>A	A/E	gCa/gAa
NC_000022.11:g.46335774T>G	L/V	Ttg/Gtg
NC_000017.11:g.43045691T>G	H/P	cAc/cCc
NC_000002.12:g.71682597C>T	R/C	Cgt/Tgt
NC_000022.11:g.37771699T>C	V/A	gTg/gCg
NC_000001.11:g.23854472T>C	Q/R	cAg/cGg
NC_000012.12:g.9094987C>T	R/H	cGt/cAt
NC_000018.10:g.46569606C>A	D/Y	Gat/Tat
NC_000006.12:g.65335034T>C	Q/R	cAa/cGa
NC_000003.12:g.128481270G>A	R/W	Cgg/Tgg
NC_000007.14:g.150948512G>A	T/M	aCg/aTg
NC_000008.11:g.38426158C>T	G/S	Ggc/Agc
NC_000011.10:g.121118626A>G	R/G	Aga/Gga
NC_000023.11:g.73213436G>A	R/W	Cgg/Tgg
NC_000003.12:g.49357401G>A	P/L	cCc/cTc
NC_000006.12:g.44303398C>T	R/Q	cGg/cAg
NC_000019.10:g.55858465G>A	G/R	Gga/Aga
NC_000007.14:g.150974822A>C	C/G	Tgc/Ggc
NC_000007.14:g.129485630C>T	A/V	gCc/gTc
NC_000023.11:g.37010908C>T	S/L	tCa/tTa
NC_000019.10:g.42224969C>T	P/L	cCa/cTa
NC_000017.11:g.64896129G>A	P/S	Ccg/Tcg
NC_000001.11:g.15930681G>A	E/K	Gaa/Aaa
NC_000010.11:g.26066977G>A	R/H	cGt/cAt
NC_000021.9:g.34449552G>A	S/L	tCg/tTg
NC_000001.11:g.100216031A>G	S/P	Tca/Cca
NC_000002.12:g.189068016G>A	P/L	cCg/cTg
NC_000006.12:g.32079050G>A	S/F	tCc/tTc
NC_000009.12:g.99146553A>G	D/G	gAc/gGc
NC_000002.12:g.74462912G>A	P/S	Ccc/Tcc
NC_000002.12:g.218753115G>A	G/E	gGa/gAa
NC_000004.12:g.42893406C>T	A/V	gCc/gTc
NC_000003.12:g.38560407C>T	G/S	Ggc/Agc
NC_000011.10:g.116820918C>A	Q/H	caG/caT
NC_000016.10:g.177101C>T	H/Y	Cac/Tac
NC_000023.11:g.154563602G>A	R/Q	cGg/cAg
NC_000003.12:g.121993958G>C	P/R	cCg/cGg
NC_000002.12:g.166311728T>C	Q/R	cAg/cGg
NC_000012.12:g.21178955T>A	I/N	aTc/aAc
NC_000010.11:g.26174114A>T	T/S	Act/Tct
NC_000010.11:g.71779376T>C	F/S	tTc/tCc
NC_000014.9:g.91313907G>C	L/V	Cta/Gta
NC_000008.11:g.116854372G>A	S/L	tCa/tTa
NC_000001.11:g.159205564G>A	G/D	gGt/gAt
NC_000005.10:g.24509777C>T	E/K	Gaa/Aaa
NC_000017.11:g.63947082C>T	R/H	cGt/cAt
NC_000018.10:g.2925361C>T	E/K	Gag/Aag
NC_000001.11:g.196715679T>C	C/R	Tgc/Cgc
NC_000002.12:g.127050470T>C	K/R	aAg/aGg
NC_000015.10:g.89317531A>C	M/R	aTg/aGg
NC_000008.11:g.58496605T>A	R/W	Agg/Tgg
NC_000016.10:g.75479308T>C	K/R	aAg/aGg
NC_000023.11:g.153740599C>A	R/S	Cgt/Agt
NC_000001.11:g.216048620T>C	K/R	aAa/aGa
NC_000001.11:g.197143408T>G	N/H	Aat/Cat
NC_000014.9:g.50595580T>G	F/C	tTc/tGc
NC_000012.12:g.132673664G>C	L/V	Ctc/Gtc
NC_000023.11:g.111410133C>G	R/P	cGa/cCa
NC_000010.11:g.26193228A>G	K/E	Aaa/Gaa
NC_000015.10:g.73368164C>T	G/E	gGg/gAg
NC_000006.12:g.64307042A>T	V/D	gTt/gAt
NC_000004.12:g.6301953A>G	I/V	Atc/Gtc
NC_000009.12:g.36218225C>T	A/T	Gcg/Acg
NC_000006.12:g.129192705T>A	L/Q	cTg/cAg
NC_000002.12:g.47410320A>G	E/G	gAa/gGa
NC_000012.12:g.4912054A>G	T/A	Acg/Gcg
NC_000023.11:g.153906059G>T	G/C	Ggt/Tgt
NC_000002.12:g.224506931G>A	S/F	tCc/tTc
NC_000002.12:g.169497628G>A	R/H	cGt/cAt
NC_000011.10:g.71435575C>T	G/S	Ggc/Agc
NC_000001.11:g.215671121G>C	Q/E	Cag/Gag
NC_000019.10:g.38930634T>C	T/A	Act/Gct
NC_000023.11:g.136346516A>T	Y/F	tAt/tTt
NC_000006.12:g.80167699C>T	T/I	aCc/aTc
NC_000002.12:g.47800474C>G	P/A	Ccc/Gcc
NC_000018.10:g.44952641G>A	V/I	Gta/Ata
NC_000009.12:g.133352593C>G	D/H	Gac/Cac
NC_000005.10:g.177211505G>C	A/P	Gcc/Ccc
NC_000006.12:g.161360193C>T	D/N	Gat/Aat
NC_000005.10:g.132575823G>A	R/H	cGt/cAt
NC_000007.14:g.144187764C>T	G/E	gGg/gAg
NC_000023.11:g.118826332A>G	E/G	gAg/gGg
NC_000002.12:g.189068038G>A	P/S	Cct/Tct
NC_000004.12:g.3492873A>G	Q/R	cAg/cGg
NC_000016.10:g.11553578G>C	A/G	gCc/gGc
NC_000021.9:g.46119046G>A	S/N	aGt/aAt
NC_000007.14:g.24699183A>T	F/Y	tTt/tAt
NC_000011.10:g.126277108A>G	H/R	cAt/cGt
NC_000013.11:g.32379897A>G	Q/R	cAg/cGg
NC_000001.11:g.11795161A>G	L/P	cTc/cCc
NC_000002.12:g.197487080C>G	G/A	gGa/gCa
NC_000002.12:g.113957432C>T	P/S	Cca/Tca
NC_000012.12:g.123758010A>G	N/S	aAt/aGt
NC_000001.11:g.215650602G>T	A/D	gCt/gAt
NC_000017.11:g.56594838G>C	W/C	tgG/tgC
NC_000019.10:g.41342209A>G	C/R	Tgt/Cgt
NC_000012.12:g.122273008G>A	T/I	aCc/aTc
NC_000017.11:g.14159934C>T	R/C	Cgt/Tgt
NC_000005.10:g.132579882C>T	T/I	aCa/aTa
NC_000023.11:g.53537656G>A	R/W	Cgg/Tgg
NC_000007.14:g.107661643T>C	M/T	aTg/aCg
NC_000021.9:g.46416739C>T	P/L	cCg/cTg
NC_000014.9:g.73950133G>A	P/L	cCa/cTa
NC_000005.10:g.90629517A>C	N/T	aAt/aCt
NC_000011.10:g.89178183G>A	R/Q	cGg/cAg
NC_000001.11:g.215674202C>T	R/H	cGt/cAt
NC_000011.10:g.69818917A>G	L/P	cTg/cCg
NC_000006.12:g.44302438C>T	V/M	Gtg/Atg
NC_000015.10:g.89667102G>A	S/L	tCg/tTg
NC_000015.10:g.67165023C>T	A/V	gCc/gTc
NC_000011.10:g.13492453C>A	E/D	gaG/gaT
NC_000003.12:g.87276392G>A	P/L	cCt/cTt
NC_000007.14:g.24285260T>C	L/P	cTg/cCg
NC_000006.12:g.129402394C>T	S/F	tCc/tTc
NC_000007.14:g.107710182G>A	G/S	Ggt/Agt
NC_000002.12:g.178785999C>A	R/L	cGc/cTc
NC_000013.11:g.32370513G>A	V/I	Gtt/Att
NC_000014.9:g.23430949A>C	Y/D	Tat/Gat
NC_000007.14:g.150951484C>T	E/K	Gag/Aag
NC_000011.10:g.128839231A>G	M/T	aTg/aCg
NC_000008.11:g.93799678C>T	P/S	Cct/Tct
NC_000007.14:g.30912043C>T	A/V	gCg/gTg
NC_000005.10:g.90653788C>T	S/F	tCc/tTc
NC_000006.12:g.52053189G>C	P/R	cCc/cGc
NC_000017.11:g.63941984A>C	L/R	cTc/cGc
NC_000002.12:g.196319801G>T	D/E	gaC/gaA
NC_000001.11:g.100216040T>C	I/V	Ata/Gta
NC_000009.12:g.108917660T>C	S/G	Agt/Ggt
NC_000011.10:g.17387083C>T	V/I	Gtc/Atc
NC_000001.11:g.45014017C>T	L/F	Ctc/Ttc
NC_000011.10:g.72108672G>A	R/Q	cGg/cAg
NC_000013.11:g.32379379G>C	K/N	aaG/aaC
NC_000021.9:g.46427705G>C	Q/H	caG/caC
NC_000016.10:g.681468A>T	N/I	aAc/aTc
NC_000019.10:g.41341955G>A	T/I	aCc/aTc
NC_000008.11:g.64596755A>T	F/I	Ttt/Att
NC_000015.10:g.72346662T>C	N/D	Aac/Gac
NC_000006.12:g.169769610T>A	I/N	aTc/aAc
NC_000023.11:g.153725709A>G	N/S	aAc/aGc
NC_000017.11:g.63942988T>C	N/D	Aac/Gac
NC_000017.11:g.30249058T>C	I/V	Atc/Gtc
NC_000003.12:g.179199740G>A	E/K	Gaa/Aaa
NC_000011.10:g.108247072G>A	R/H	cGt/cAt
NC_000007.14:g.107683500A>G	N/D	Aat/Gat
NC_000019.10:g.50217692G>A	M/I	atG/atA
NC_000005.10:g.177994231G>A	R/C	Cgc/Tgc
NC_000012.12:g.42469523C>T	R/Q	cGg/cAg
NC_000004.12:g.88007816G>C	R/P	cGg/cCg
NC_000019.10:g.12810323C>T	R/W	Cgg/Tgg
NC_000023.11:g.77682661G>C	H/Q	caC/caG
NC_000020.11:g.63406699G>A	S/L	tCg/tTg
NC_000022.11:g.50523636G>A	A/V	gCg/gTg
NC_000009.12:g.2039793A>C	Q/P	cAg/cCg
NC_000017.11:g.80117606G>A	V/I	Gta/Ata
NC_000005.10:g.149896500T>G	Q/H	caA/caC
NC_000001.11:g.7977728G>C	M/I	atG/atC
NC_000010.11:g.98420094T>C	Q/R	cAg/cGg
NC_000009.12:g.127481185A>G	Q/R	cAa/cGa
NC_000016.10:g.8811674C>T	R/W	Cgg/Tgg
NC_000018.10:g.45626988G>T	W/L	tGg/tTg
NC_000001.11:g.240208360G>A	G/E	gGa/gAa
NC_000011.10:g.119097048T>C	I/V	Atc/Gtc
NC_000003.12:g.184143455A>G	I/V	Ata/Gta
NC_000005.10:g.41159178C>A	R/L	cGa/cTa
NC_000012.12:g.2585485C>T	P/S	Ccc/Tcc
NC_000001.11:g.10337518T>C	I/T	aTc/aCc
NC_000010.11:g.101010521T>C	K/E	Aag/Gag
NC_000009.12:g.132329729T>G	E/D	gaA/gaC
NC_000006.12:g.51632721C>T	V/I	Gtc/Atc
NC_000003.12:g.10142080A>G	N/S	aAt/aGt
NC_000016.10:g.3731844G>T	P/T	Ccc/Acc
NC_000009.12:g.128946082G>C	H/D	Cac/Gac
NC_000001.11:g.158717751C>T	R/K	aGa/aAa
NC_000017.11:g.14076859C>T	P/L	cCt/cTt
NC_000011.10:g.5226683C>T	G/D	gGt/gAt
NC_000022.11:g.16799801G>A	L/F	Ctc/Ttc
NC_000002.12:g.181678271G>T	P/H	cCt/cAt
NC_000013.11:g.32333028A>G	N/S	aAt/aGt
NC_000012.12:g.49054680C>T	R/Q	cGg/cAg
NC_000005.10:g.7891393C>G	P/R	cCc/cGc
NC_000015.10:g.90749446T>A	L/I	Tta/Ata
NC_000006.12:g.51847961T>C	T/A	Acc/Gcc
NC_000017.11:g.63968091G>A	T/M	aCg/aTg
NC_000023.11:g.32411823A>C	F/V	Ttc/Gtc
NC_000023.11:g.43949899G>A	S/F	tCc/tTc
NC_000008.11:g.104424247C>A	R/M	aGg/aTg
NC_000020.11:g.5302677A>C	L/R	cTg/cGg
NC_000001.11:g.25805163G>A	C/Y	tGc/tAc
NC_000012.12:g.102894883T>A	R/S	agA/agT
NC_000010.11:g.100824726C>T	S/F	tCc/tTc
NC_000009.12:g.114478626C>T	G/D	gGt/gAt
NC_000022.11:g.50074276G>T	N/K	aaC/aaA
NC_000023.11:g.108601436G>T	K/N	aaG/aaT
NC_000005.10:g.148101392A>G	K/E	Aaa/Gaa
NC_000017.11:g.63963708T>C	S/G	Agc/Ggc
NC_000021.9:g.46397333C>T	R/C	Cgc/Tgc
NC_000012.12:g.52515133T>C	S/G	Agc/Ggc
NC_000019.10:g.36103502G>A	R/H	cGt/cAt
NC_000001.11:g.42929918G>A	R/C	Cgc/Tgc
NC_000006.12:g.7565494A>T	I/F	Atc/Ttc
NC_000002.12:g.178768759T>A	N/I	aAc/aTc
NC_000022.11:g.37734465T>C	W/R	Tgg/Cgg
NC_000002.12:g.189053896G>A	P/L	cCt/cTt
NC_000021.9:g.42388518C>T	G/S	Ggt/Agt
NC_000008.11:g.101599120C>T	S/F	tCc/tTc
NC_000009.12:g.130480404C>T	R/C	Cgt/Tgt
NC_000005.10:g.149980357G>A	G/E	gGa/gAa
NC_000005.10:g.71634977G>T	D/Y	Gat/Tat
NC_000006.12:g.49447735C>T	A/T	Gct/Act
NC_000021.9:g.46132295G>A	G/R	Ggg/Agg
NC_000008.11:g.22119197T>C	T/A	Aca/Gca
NC_000012.12:g.21542505T>C	T/A	Act/Gct
NC_000018.10:g.23556269G>A	P/S	Ccg/Tcg
NC_000014.9:g.23427716A>G	V/A	gTg/gCg
NC_000023.11:g.71223830G>C	E/D	gaG/gaC
NC_000012.12:g.123756823G>A	D/N	Gat/Aat
NC_000021.9:g.31667320A>G	E/G	gAa/gGa
NC_000016.10:g.29798640C>T	P/S	Ccg/Tcg
NC_000007.14:g.107675060T>A	V/D	gTc/gAc
NC_000009.12:g.114403966A>G	V/A	gTg/gCg
NC_000019.10:g.43966820C>T	H/Y	Cat/Tat
NC_000012.12:g.49039866C>T	R/Q	cGa/cAa
NC_000012.12:g.5949823C>T	C/Y	tGt/tAt
NC_000007.14:g.107362361A>G	F/L	Ttc/Ctc
NC_000016.10:g.89739285G>A	L/F	Ctc/Ttc
NC_000015.10:g.51215771G>A	R/C	Cgc/Tgc
NC_000003.12:g.132713165C>G	S/T	aGt/aCt
NC_000011.10:g.6390705T>C	V/A	gTg/gCg
NC_000013.11:g.32339667G>A	G/D	gGt/gAt
NC_000023.11:g.139561592C>T	H/Y	Cac/Tac
NC_000023.11:g.56565398C>T	P/S	Ccc/Tcc
NC_000017.11:g.43051068G>A	P/L	cCc/cTc
NC_000003.12:g.150972567T>C	N/D	Aat/Gat
NC_000006.12:g.32832635C>T	V/I	Gta/Ata
NC_000012.12:g.49963495A>G	N/D	Aac/Gac
NC_000006.12:g.49435569T>C	I/V	Ata/Gta
NC_000022.11:g.24095967C>A	L/M	Ctg/Atg
NC_000002.12:g.55684985T>C	I/V	Att/Gtt
NC_000019.10:g.46756391C>T	T/M	aCg/aTg
NC_000005.10:g.60898322T>C	D/G	gAt/gGt
NC_000003.12:g.193648109A>G	Y/C	tAt/tGt
NC_000007.14:g.150947371C>T	D/N	Gac/Aac
NC_000015.10:g.72351215T>G	K/T	aAa/aCa
NC_000001.11:g.215934786T>C	N/S	aAc/aGc
NC_000005.10:g.128393315T>C	S/G	Agt/Ggt
NC_000011.10:g.78112745C>T	R/Q	cGa/cAa
NC_000005.10:g.115813232C>T	G/E	gGa/gAa
NC_000011.10:g.70206161T>G	C/W	tgT/tgG
NC_000011.10:g.36573771C>T	A/V	gCc/gTc
NC_000006.12:g.32039109G>A	R/K	aGg/aAg
NC_000002.12:g.47476435G>C	G/R	Ggg/Cgg
NC_000011.10:g.66871781T>A	H/L	cAc/cTc
NC_000019.10:g.49932683C>T	S/F	tCc/tTc
NC_000007.14:g.103553798A>C	F/C	tTc/tGc
NC_000009.12:g.134796855A>G	N/S	aAt/aGt
NC_000015.10:g.42389001G>A	A/T	Gca/Aca
NC_000003.12:g.149210226A>G	I/T	aTt/aCt
NC_000007.14:g.150947827G>A	A/V	gCa/gTa
NC_000012.12:g.49037164T>C	M/V	Atg/Gtg
NC_000020.11:g.46726312G>T	G/W	Ggg/Tgg
NC_000004.12:g.6300792G>A	V/I	Gtc/Atc
NC_000013.11:g.32380044G>A	R/Q	cGg/cAg
NC_000008.11:g.112337627C>T	G/R	Gga/Aga
NC_000019.10:g.40397621G>A	A/V	gCg/gTg
NC_000019.10:g.39507492G>T	R/L	cGc/cTc
NC_000015.10:g.73323445G>C	P/R	cCc/cGc
NC_000007.14:g.150951810C>G	R/P	cGg/cCg
NC_000009.12:g.108897159T>C	I/M	atA/atG
NC_000004.12:g.653912C>A	H/N	Cac/Aac
NC_000007.14:g.107701849T>G	V/G	gTt/gGt
NC_000006.12:g.79916739C>G	E/Q	Gag/Cag
NC_000020.11:g.18524556G>T	V/L	Gtg/Ttg
NC_000004.12:g.177438806G>C	T/S	aCt/aGt
